Dataset,Model,Test AUC-PR,Test F1,CV AUC-PR,CV F1
Fraud_Data,Logistic Regression,0.13484042738106233,0.20754716981132076,0.6255413744974364,0.6892310075138435
Fraud_Data,Random Forest,0.09828343930444347,0.0,0.9861533029363596,0.9313022682534653
Fraud_Data,XGBoost,0.10687386343742404,0.07407407407407407,0.9814319348027153,0.922512915626325
Credit_Card,Logistic Regression,0.14027777777777778,0.2222222222222222,0.986343719801361,0.9736608754106427
Credit_Card,Random Forest,1.0,0.0,1.0,1.0
Credit_Card,XGBoost,1.0,1.0,1.0,0.9993730407523511
